{
  "volatility_20": 0.13562546638594686,
  "volume_ratio": 0.0650741433398539,
  "ma_10": 0.05277900248741255,
  "momentum_10": 0.05115874873772423,
  "momentum_5": 0.049384264513691274,
  "volume_prev": 0.045081468622669076,
  "prev_range_pct": 0.04027071308882711,
  "price_bb_zscore_20": 0.0379252693704806,
  "rsi_14": 0.03789471451689597,
  "gap_open_pct": 0.0360582305237623,
  "prev_log_return": 0.033981240124329466,
  "atr_14": 0.03276302642055613,
  "return_skew_20": 0.03099255021292723,
  "prev_close_to_low": 0.03089738856490878,
  "ema_9_21_ratio": 0.029106640865078835,
  "volume_change": 0.02624652695875323,
  "return_kurtosis_20": 0.024404183382859736,
  "prev_close_to_high": 0.024210626477150315,
  "price_to_ma5": 0.02331861753052024,
  "ma_5": 0.022374484811902972,
  "volatility_5": 0.020621792041934005,
  "prev_daily_return": 0.019636932476233753,
  "ema_9": 0.017382616721798697,
  "bb_width_20": 0.01677052404497283,
  "volume_ma_5": 0.016317383507497438,
  "open_prev": 0.015159332159324154,
  "high_prev": 0.012685983885442722,
  "close_prev": 0.01156784357965422,
  "low_prev": 0.011156949470061068,
  "ema_21": 0.008635399334957458,
  "ma_20": 0.008061182000416965,
  "ema_9_21_diff": 0.006759347035425823,
  "price_to_ma20": 0.005697406806030046
}