{
  "task": "cls",
  "dataset": "data/datasets/AAPL.cls_up.dataset.csv",
  "seq_len": 20,
  "batch_size": 128,
  "epochs_ran": 7,
  "best_val_loss": 0.6982211240958341,
  "test_loss": 0.6936661664868744,
  "test_metrics": {
    "acc": 0.49014084507042255,
    "auc": 0.4704516129032258,
    "prec_at_0.60": 0.0
  },
  "val_metrics_last": {
    "acc": 0.4155844155844156,
    "auc": 0.4187284450442345,
    "prec_at_0.60": 0.4166666666666667
  }
}