{
  "task": "cls",
  "dataset": "data/datasets/AAPL.cls_up.dataset.csv",
  "seq_len": 20,
  "batch_size": 128,
  "epochs_ran": 7,
  "best_val_loss": 0.6949167956005443,
  "test_loss": 0.6939942972760805,
  "test_metrics": {
    "acc": 0.49577464788732395,
    "auc": 0.4780322580645161,
    "prec_at_0.60": 0.0
  },
  "val_metrics_last": {
    "acc": 0.42857142857142855,
    "auc": 0.42630079472184734,
    "prec_at_0.60": 0.5
  }
}