{
  "task": "reg",
  "dataset": "data/datasets/AAPL.reg_open_next.dataset.csv",
  "seq_len": 30,
  "batch_size": 128,
  "epochs_ran": 20,
  "best_val_loss": 31574.48327029129,
  "test_loss": 51297.73816802536,
  "test_metrics": {
    "mae": 225.30430603027344,
    "rmse": 226.4900401369782,
    "dir_acc": 1.0
  },
  "val_metrics_last": {
    "mae": 177.2871856689453,
    "rmse": 177.69210555058433,
    "dir_acc": 1.0
  }
}