{
  "price_bb_zscore_20": 0.0027009087985426336,
  "price_to_ma5": -0.0018577341883250676,
  "volatility_5": -0.001485246904241282,
  "prev_close_to_high": 0.0011050836467147596,
  "rsi_14": -0.0008833853878634935,
  "atr_14": -0.0008670394532463518,
  "bb_width_20": 0.0006296261075996449,
  "ema_9_21_diff": -0.0005883445168669177,
  "volatility_20": 0.0005729341573580736,
  "gap_open_pct": -0.000505521495692382,
  "prev_log_return": 0.00048128709812354006,
  "return_kurtosis_20": 0.00038836797136533927,
  "price_to_ma20": 0.0002787623156950926,
  "momentum_5": -0.00025127109541311124,
  "volume_prev": 0.00024275502428519721,
  "momentum_10": -0.00023715324957034005,
  "ema_9_21_ratio": -0.000202225927248029,
  "prev_range_pct": 0.00017869527117041453,
  "prev_close_to_low": -0.00017781274126494999,
  "low_prev": 0.00011480207875310342,
  "volume_ratio": -9.650715283621553e-05,
  "return_skew_20": -8.211722817229575e-05,
  "ema_21": 8.173513993303908e-05,
  "close_prev": 6.543684418977925e-05,
  "ma_5": 6.512340727688663e-05,
  "volume_ma_5": -6.061939752129503e-05,
  "ema_9": 6.047307280384115e-05,
  "ma_10": 5.456763839604366e-05,
  "open_prev": -3.732494561447994e-05,
  "volume_change": 3.705642494171474e-05,
  "ma_20": 1.5432499794603182e-05,
  "high_prev": 1.4999794050794303e-05,
  "prev_daily_return": 3.719720517853126e-06
}