{
  "dataset": "data/datasets/AAPL.reg_ret_next.dataset.csv",
  "train_ratio": 0.8,
  "tscv_splits": 5,
  "alpha_grid": [
    0.1,
    1.0,
    10.0,
    100.0
  ],
  "with_scaler": true,
  "best_params": {
    "ridge__alpha": 100.0
  },
  "best_cv_score": -0.0003863385607338394,
  "test_metrics": {
    "mse": 0.0003573387187037907,
    "rmse": 0.01890340495000281,
    "mae": 0.012189752280174817,
    "dir_acc": 0.4789579158316633
  },
  "baseline_zero_metrics": {
    "mse": 0.000354986529075742,
    "rmse": 0.01884108619681312,
    "mae": 0.012091150869138796,
    "dir_acc": 0.0
  }
}