{
  "gap_open_pct": 0.05944680848837349,
  "momentum_10": 0.055872340145347706,
  "price_to_ma20": 0.054289953811349365,
  "volatility_5": 0.050142889857746946,
  "atr_14": 0.04131634548602357,
  "ema_9_21_diff": 0.0411775401486445,
  "prev_log_return": 0.04100315600762138,
  "prev_daily_return": 0.03924586201720301,
  "prev_close_to_low": 0.038905986196239646,
  "price_to_ma5": 0.038717254307449794,
  "momentum_5": 0.03816822237389258,
  "ema_9_21_ratio": 0.03708435415712358,
  "prev_close_to_high": 0.036563528931532405,
  "rsi_14": 0.03419343251663138,
  "prev_range_pct": 0.03386839753554379,
  "bb_width_20": 0.03315489629091288,
  "volatility_20": 0.032807018846522616,
  "volume_ma_5": 0.032162928374345055,
  "volume_prev": 0.03185273534243524,
  "price_bb_zscore_20": 0.0315374572394245,
  "volume_ratio": 0.021111203543209833,
  "return_skew_20": 0.01919147607974915,
  "return_kurtosis_20": 0.018956892583639525,
  "volume_change": 0.018466375396933837,
  "ma_10": 0.015860154343811522,
  "high_prev": 0.01485021840251064,
  "ma_20": 0.014468063165371055,
  "close_prev": 0.0138204891661046,
  "ema_21": 0.013189110940032967,
  "ema_9": 0.013054713406442686,
  "ma_5": 0.011965789481204176,
  "low_prev": 0.011855763516037314,
  "open_prev": 0.01169864190058925
}