{
  "dataset": "data/datasets/AAPL.reg_ret_next.dataset.csv",
  "train_ratio": 0.8,
  "tscv_splits": 3,
  "scoring": "neg_mean_squared_error",
  "best_params": {
    "max_depth": 6,
    "max_features": "sqrt",
    "min_samples_leaf": 10,
    "n_estimators": 400
  },
  "best_cv_score": -0.0003912122200207851,
  "test_metrics": {
    "mse": 0.00036076575463916976,
    "rmse": 0.018993834648094884,
    "mae": 0.012408537600953904,
    "dir_acc": 0.4589178356713427
  }
}