{
  "task": "cls",
  "dataset": "data/datasets/AAPL.cls_bigmove.dataset.csv",
  "seq_len": 20,
  "batch_size": 128,
  "epochs_ran": 13,
  "best_val_loss": 0.6721467788601334,
  "test_loss": 0.6637394492055328,
  "test_metrics": {
    "acc": 0.6140845070422535,
    "auc": 0.6086178861788618,
    "prec_at_0.60": 0.5277777777777778
  },
  "val_metrics_last": {
    "acc": 0.5584415584415584,
    "auc": 0.5243978730059431,
    "prec_at_0.60": 0.3333333333333333
  }
}