{
  "close_prev": 27.720540399836786,
  "low_prev": 16.907289962197478,
  "high_prev": 9.723728606764666,
  "open_prev": -7.76458567615516,
  "prev_log_return": 4.121806167805517,
  "prev_daily_return": -4.045981909979206,
  "ema_21": 3.59187744633734,
  "ema_9": 3.573617710420488,
  "ma_10": 2.7532339887596815,
  "prev_range_pct": -2.5644669700818983,
  "prev_close_to_low": 2.2702205416602497,
  "prev_close_to_high": 2.204303408384656,
  "ma_20": -1.4300178656167697,
  "gap_open_pct": 0.9412983446912868,
  "ma_5": 0.7914516688604071,
  "price_bb_zscore_20": 0.41460087803841905,
  "volume_prev": 0.19611480825657596,
  "rsi_14": -0.18464444403831198,
  "momentum_5": 0.1818694021656022,
  "price_to_ma20": -0.1790585607573621,
  "ema_9_21_ratio": 0.16231427048966976,
  "volatility_5": -0.15191782206256899,
  "bb_width_20": 0.1299369255495867,
  "momentum_10": 0.1113404807563187,
  "volume_ratio": -0.10985474304024892,
  "atr_14": -0.10402401164197049,
  "price_to_ma5": -0.08376786441177342,
  "ema_9_21_diff": -0.047827242359644556,
  "volume_ma_5": -0.028231462488713104,
  "return_kurtosis_20": -0.025095341967650196,
  "return_skew_20": 0.02169776122192409,
  "volatility_20": 0.015661325566312063,
  "volume_change": 0.007808925611336945
}