{
  "task": "reg",
  "dataset": "data/datasets/AAPL.reg_open_next.dataset.csv",
  "seq_len": 20,
  "batch_size": 128,
  "epochs_ran": 40,
  "best_val_loss": 19709.77029220779,
  "test_loss": 35740.46454665493,
  "test_metrics": {
    "mae": 187.64146423339844,
    "rmse": 189.05147695138487,
    "dir_acc": 1.0
  },
  "val_metrics_last": {
    "mae": 139.89793395996094,
    "rmse": 140.39147972054786,
    "dir_acc": 1.0
  }
}