{
  "task": "reg",
  "dataset": "data/datasets/AAPL.reg_open_next.dataset.csv",
  "seq_len": 20,
  "batch_size": 128,
  "epochs_ran": 40,
  "best_val_loss": 19771.07241781656,
  "test_loss": 36115.21525088028,
  "test_metrics": {
    "mae": 188.58578491210938,
    "rmse": 190.04004512207422,
    "dir_acc": 1.0
  },
  "val_metrics_last": {
    "mae": 140.1168212890625,
    "rmse": 140.60965194022066,
    "dir_acc": 1.0
  }
}