{
  "task": "reg",
  "dataset": "data/datasets/AAPL.reg_open_next.dataset.csv",
  "seq_len": 30,
  "batch_size": 128,
  "epochs_ran": 24,
  "best_val_loss": 61.44950417911305,
  "test_loss": 1392.629790817482,
  "test_metrics": {
    "mae": 33.42009735107422,
    "rmse": 37.31795493783371,
    "dir_acc": 1.0
  },
  "val_metrics_last": {
    "mae": 7.902937889099121,
    "rmse": 10.57949130589481,
    "dir_acc": 1.0
  }
}