{
  "task": "reg",
  "dataset": "data/datasets/AAPL.reg_open_next.dataset.csv",
  "seq_len": 30,
  "batch_size": 128,
  "epochs_ran": 25,
  "best_val_loss": 1293.4585811563206,
  "test_loss": 2453.7934319095334,
  "test_metrics": {
    "mae": 35.45573043823242,
    "rmse": 49.53577956418219,
    "dir_acc": 1.0
  },
  "val_metrics_last": {
    "mae": 32.17378234863281,
    "rmse": 35.96468570923514,
    "dir_acc": 1.0
  }
}