{
  "task": "reg",
  "dataset": "data/datasets/AAPL.reg_open_next.dataset.csv",
  "seq_len": 30,
  "batch_size": 128,
  "epochs_ran": 25,
  "best_val_loss": 1627.885597470659,
  "test_loss": 3268.7838647814765,
  "test_metrics": {
    "mae": 49.718162536621094,
    "rmse": 57.17328204404134,
    "dir_acc": 1.0
  },
  "val_metrics_last": {
    "mae": 37.0280876159668,
    "rmse": 42.458567809910285,
    "dir_acc": 1.0
  }
}