{
  "task": "cls",
  "dataset": "data/datasets/AAPL.cls_bigmove.dataset.csv",
  "seq_len": 30,
  "batch_size": 128,
  "epochs_ran": 6,
  "best_val_loss": 0.6694469780943513,
  "test_loss": 0.6726148757381716,
  "test_metrics": {
    "acc": 0.591304347826087,
    "auc": 0.5696877380045697,
    "prec_at_0.60": 0.0
  },
  "val_metrics_last": {
    "acc": 0.5429864253393665,
    "auc": 0.5814251537935748,
    "prec_at_0.60": 0.8
  }
}