{
  "task": "reg",
  "dataset": "data/datasets/AAPL.reg_ret_next.dataset.csv",
  "seq_len": 30,
  "batch_size": 128,
  "epochs_ran": 23,
  "best_val_loss": 0.0002852552072608599,
  "test_loss": 0.0006121367549327999,
  "test_metrics": {
    "mae": 0.0182594433426857,
    "rmse": 0.02474139833275832,
    "dir_acc": 0.4434782608695652
  },
  "val_metrics_last": {
    "mae": 0.01498778909444809,
    "rmse": 0.018798343540733186,
    "dir_acc": 0.5067873303167421
  }
}