{
  "task": "reg",
  "dataset": "data/datasets/AAPL.reg_ret_next.dataset.csv",
  "seq_len": 30,
  "batch_size": 128,
  "epochs_ran": 16,
  "best_val_loss": 0.0003242926027866005,
  "test_loss": 0.0007022280701557579,
  "test_metrics": {
    "mae": 0.020951926708221436,
    "rmse": 0.026499586904188934,
    "dir_acc": 0.45507246376811594
  },
  "val_metrics_last": {
    "mae": 0.02190074510872364,
    "rmse": 0.025879641738372778,
    "dir_acc": 0.5113122171945701
  }
}