{
  "task": "reg",
  "dataset": "data/datasets/AAPL.reg_ret_next.dataset.csv",
  "seq_len": 20,
  "batch_size": 128,
  "epochs_ran": 25,
  "best_val_loss": 0.0002470451606955637,
  "test_loss": 0.0004283464554300479,
  "test_metrics": {
    "mae": 0.01326556783169508,
    "rmse": 0.020696533054493416,
    "dir_acc": 0.5154929577464789
  },
  "val_metrics_last": {
    "mae": 0.011144408024847507,
    "rmse": 0.015863841345766364,
    "dir_acc": 0.5151515151515151
  }
}