{
  "task": "cls",
  "dataset": "data/datasets/AAPL.cls_up.dataset.csv",
  "seq_len": 30,
  "batch_size": 128,
  "epochs_ran": 12,
  "best_val_loss": 0.692793618499963,
  "test_loss": 0.7271707951158717,
  "test_metrics": {
    "acc": 0.4782608695652174,
    "auc": 0.4872852467957459,
    "prec_at_0.60": 0.6
  },
  "val_metrics_last": {
    "acc": 0.5248868778280543,
    "auc": 0.4705834152736808,
    "prec_at_0.60": 0.4672897196261682
  }
}