{
  "task": "cls",
  "dataset": "data/datasets/AAPL.cls_up.dataset.csv",
  "seq_len": 30,
  "batch_size": 128,
  "epochs_ran": 6,
  "best_val_loss": 0.6991391413891477,
  "test_loss": 0.712269123568051,
  "test_metrics": {
    "acc": 0.4753623188405797,
    "auc": 0.46765066812107997,
    "prec_at_0.60": 0.43243243243243246
  },
  "val_metrics_last": {
    "acc": 0.502262443438914,
    "auc": 0.5094231399541133,
    "prec_at_0.60": 0.0
  }
}