{
  "volatility_20": 0.07548709204408467,
  "prev_range_pct": 0.06029393497496272,
  "volatility_5": 0.048079187308398226,
  "atr_14": 0.04459626492942059,
  "momentum_10": 0.04173232823004621,
  "volume_prev": 0.035388094835073214,
  "ema_9_21_diff": 0.033964554016297444,
  "ema_9_21_ratio": 0.03362670490939556,
  "rsi_14": 0.033056535682818695,
  "price_bb_zscore_20": 0.032300655273189975,
  "ma_10": 0.0312847712296422,
  "ma_20": 0.029758704174946155,
  "volume_ratio": 0.029221521108816335,
  "ema_9": 0.02891768628981089,
  "price_to_ma20": 0.028450244277899453,
  "volume_ma_5": 0.028089297926120874,
  "ma_5": 0.026240088224136978,
  "prev_close_to_high": 0.026057631789522192,
  "prev_daily_return": 0.025600460959146743,
  "gap_open_pct": 0.02536596131544105,
  "ema_21": 0.024693678783179126,
  "prev_log_return": 0.02455338909090033,
  "momentum_5": 0.023505674156179244,
  "volume_change": 0.022745139189849353,
  "bb_width_20": 0.022292240264101537,
  "prev_close_to_low": 0.022132723950038315,
  "low_prev": 0.02115505513762896,
  "high_prev": 0.021009646643877163,
  "return_kurtosis_20": 0.02087495956224253,
  "price_to_ma5": 0.020641439888402266,
  "open_prev": 0.01969311735600213,
  "return_skew_20": 0.01968296351463434,
  "close_prev": 0.01950825296379462
}