{
  "task": "cls",
  "dataset": "data/datasets/AAPL.cls_up.dataset.csv",
  "seq_len": 30,
  "batch_size": 128,
  "epochs_ran": 15,
  "best_val_loss": 0.7004797129609466,
  "test_loss": 0.723928699977156,
  "test_metrics": {
    "acc": 0.4463768115942029,
    "auc": 0.5097491137169348,
    "prec_at_0.60": 0.5333333333333333
  },
  "val_metrics_last": {
    "acc": 0.4796380090497738,
    "auc": 0.4858243198951163,
    "prec_at_0.60": 0.0
  }
}