{
  "task": "cls",
  "dataset": "data/datasets/AAPL.cls_bigmove.dataset.csv",
  "seq_len": 30,
  "batch_size": 128,
  "epochs_ran": 8,
  "best_val_loss": 0.6669594845081347,
  "test_loss": 0.6967193651890409,
  "test_metrics": {
    "acc": 0.6289855072463768,
    "auc": 0.5706224468600706,
    "prec_at_0.60": 0.5454545454545454
  },
  "val_metrics_last": {
    "acc": 0.6108597285067874,
    "auc": 0.4951298701298702,
    "prec_at_0.60": 0.0
  }
}