{
  "task": "cls",
  "dataset": "data/datasets/AAPL.cls_bigmove.dataset.csv",
  "seq_len": 30,
  "batch_size": 128,
  "epochs_ran": 8,
  "best_val_loss": 0.6760039750267478,
  "test_loss": 0.704023780339006,
  "test_metrics": {
    "acc": 0.5855072463768116,
    "auc": 0.5867548293290867,
    "prec_at_0.60": 0.54
  },
  "val_metrics_last": {
    "acc": 0.416289592760181,
    "auc": 0.49512987012987014,
    "prec_at_0.60": 0.6111111111111112
  }
}