{
  "task": "cls",
  "dataset": "data/datasets/AAPL.cls_bigmove.dataset.csv",
  "seq_len": 30,
  "batch_size": 128,
  "epochs_ran": 8,
  "best_val_loss": 0.6659715135173021,
  "test_loss": 0.6897111422773721,
  "test_metrics": {
    "acc": 0.6028985507246377,
    "auc": 0.5451775946825452,
    "prec_at_0.60": 0.5757575757575758
  },
  "val_metrics_last": {
    "acc": 0.5972850678733032,
    "auc": 0.5309295967190704,
    "prec_at_0.60": 0.0
  }
}