{
  "gap_open_pct": 0.06564550373274866,
  "rsi_14": 0.05233125889198992,
  "momentum_10": 0.05120632031554818,
  "bb_width_20": 0.050164655373425494,
  "price_to_ma5": 0.047057221315923596,
  "volatility_5": 0.0465493711339292,
  "volume_ma_5": 0.04575020778404054,
  "return_kurtosis_20": 0.04431350767308472,
  "volume_change": 0.044131091958149654,
  "prev_close_to_high": 0.041989453807470704,
  "prev_close_to_low": 0.03729184140361186,
  "price_to_ma20": 0.0361056026112355,
  "ema_9_21_diff": 0.035999097521717136,
  "volatility_20": 0.03589455382624577,
  "volume_ratio": 0.03450581771011115,
  "momentum_5": 0.03399839027431695,
  "price_bb_zscore_20": 0.030679906461313883,
  "return_skew_20": 0.026774586254880477,
  "prev_daily_return": 0.02601018849912222,
  "atr_14": 0.02513187057409714,
  "ema_9_21_ratio": 0.02473860666990008,
  "prev_log_return": 0.022756432166159822,
  "prev_range_pct": 0.021666554404056158,
  "volume_prev": 0.021506132224056024,
  "open_prev": 0.017600081391278236,
  "ma_20": 0.015013267773111093,
  "ema_21": 0.014362033076518147,
  "close_prev": 0.011476710168453164,
  "low_prev": 0.010804358173211567,
  "ma_5": 0.008844666458688569,
  "ma_10": 0.008592105835550656,
  "high_prev": 0.0056415856386526604,
  "ema_9": 0.005467018897400947
}