{
  "task": "reg",
  "dataset": "data/datasets/AAPL.reg_ret_next.dataset.csv",
  "seq_len": 30,
  "batch_size": 128,
  "epochs_ran": 20,
  "best_val_loss": 0.0007621724779056006,
  "test_loss": 0.0015717022559619037,
  "test_metrics": {
    "mae": 0.030271999537944794,
    "rmse": 0.039644700846740134,
    "dir_acc": 0.4811594202898551
  },
  "val_metrics_last": {
    "mae": 0.02192654274404049,
    "rmse": 0.02760747197743401,
    "dir_acc": 0.4343891402714932
  }
}