{
  "task": "reg",
  "dataset": "data/datasets/AAPL.reg_open_next.dataset.csv",
  "seq_len": 30,
  "batch_size": 128,
  "epochs_ran": 25,
  "best_val_loss": 2103.1222920827736,
  "test_loss": 2291.917684980752,
  "test_metrics": {
    "mae": 38.129085540771484,
    "rmse": 47.8739775306938,
    "dir_acc": 1.0
  },
  "val_metrics_last": {
    "mae": 38.80091094970703,
    "rmse": 45.85980887784532,
    "dir_acc": 1.0
  }
}