{
  "task": "reg",
  "dataset": "data/datasets/AAPL.reg_ret_next.dataset.csv",
  "seq_len": 20,
  "batch_size": 128,
  "epochs_ran": 28,
  "best_val_loss": 0.00024390490413179775,
  "test_loss": 0.00041319555299632044,
  "test_metrics": {
    "mae": 0.013368445448577404,
    "rmse": 0.02032721134600319,
    "dir_acc": 0.5267605633802817
  },
  "val_metrics_last": {
    "mae": 0.0122296754270792,
    "rmse": 0.01679412402036692,
    "dir_acc": 0.48484848484848486
  }
}