{
  "task": "reg",
  "dataset": "data/datasets/AAPL.reg_ret_next.dataset.csv",
  "seq_len": 20,
  "batch_size": 128,
  "epochs_ran": 23,
  "best_val_loss": 0.0002460809568400813,
  "test_loss": 0.0004410297628721668,
  "test_metrics": {
    "mae": 0.013964220881462097,
    "rmse": 0.02100070844437874,
    "dir_acc": 0.4563380281690141
  },
  "val_metrics_last": {
    "mae": 0.011453758925199509,
    "rmse": 0.01608392179253452,
    "dir_acc": 0.49783549783549785
  }
}