{
  "task": "reg",
  "dataset": "data/datasets/AAPL.reg_ret_next.dataset.csv",
  "seq_len": 30,
  "batch_size": 128,
  "epochs_ran": 25,
  "best_val_loss": 0.000272805598402202,
  "test_loss": 0.0016054300476621459,
  "test_metrics": {
    "mae": 0.0350043885409832,
    "rmse": 0.04006781940993567,
    "dir_acc": 0.4405797101449275
  },
  "val_metrics_last": {
    "mae": 0.012090231291949749,
    "rmse": 0.01651682862722463,
    "dir_acc": 0.4841628959276018
  }
}