{
  "dataset": "data/datasets/AAPL.cls_up.dataset.csv",
  "best_params": {
    "logreg__C": 0.5
  },
  "train_ratio": 0.8,
  "tscv_splits": 5,
  "class_weight": "balanced",
  "test_metrics": {
    "accuracy": 0.46092184368737477,
    "precision": 0.5045045045045045,
    "recall": 0.2074074074074074,
    "f1": 0.29396325459317585,
    "auc": 0.45625101083616365,
    "confusion_matrix": [
      [
        174,
        55
      ],
      [
        214,
        56
      ]
    ],
    "threshold": 0.5
  }
}