{
  "task": "cls",
  "dataset": "data/datasets/AAPL.cls_up.dataset.csv",
  "seq_len": 20,
  "batch_size": 128,
  "epochs_ran": 7,
  "best_val_loss": 0.695976235133745,
  "test_loss": 0.691654221944406,
  "test_metrics": {
    "acc": 0.5352112676056338,
    "auc": 0.5038709677419355,
    "prec_at_0.60": 0.0
  },
  "val_metrics_last": {
    "acc": 0.44155844155844154,
    "auc": 0.42120257909731595,
    "prec_at_0.60": 0.4444444444444444
  }
}