{
  "task": "cls",
  "dataset": "data/datasets/AAPL.cls_up.dataset.csv",
  "seq_len": 20,
  "batch_size": 128,
  "epochs_ran": 7,
  "best_val_loss": 0.6944379468500872,
  "test_loss": 0.6878155555523617,
  "test_metrics": {
    "acc": 0.571830985915493,
    "auc": 0.5016129032258064,
    "prec_at_0.60": 0.0
  },
  "val_metrics_last": {
    "acc": 0.4675324675324675,
    "auc": 0.40868196131354023,
    "prec_at_0.60": 0.4166666666666667
  }
}