{
  "task": "cls",
  "dataset": "data/datasets/AAPL.cls_bigmove.dataset.csv",
  "seq_len": 20,
  "batch_size": 128,
  "epochs_ran": 12,
  "best_val_loss": 0.6702864428103228,
  "test_loss": 0.6657433333531232,
  "test_metrics": {
    "acc": 0.6225352112676056,
    "auc": 0.5939837398373983,
    "prec_at_0.60": 0.48717948717948717
  },
  "val_metrics_last": {
    "acc": 0.5584415584415584,
    "auc": 0.5317485142320926,
    "prec_at_0.60": 0.0
  }
}