{
  "task": "cls",
  "dataset": "data/datasets/AAPL.cls_bigmove.dataset.csv",
  "seq_len": 20,
  "batch_size": 128,
  "epochs_ran": 12,
  "best_val_loss": 0.6726823185945486,
  "test_loss": 0.6665251570688167,
  "test_metrics": {
    "acc": 0.6056338028169014,
    "auc": 0.588780487804878,
    "prec_at_0.60": 0.5333333333333333
  },
  "val_metrics_last": {
    "acc": 0.5887445887445888,
    "auc": 0.5130591179230529,
    "prec_at_0.60": 0.0
  }
}