{
  "task": "cls",
  "dataset": "data/datasets/AAPL.cls_up.dataset.csv",
  "seq_len": 30,
  "batch_size": 128,
  "epochs_ran": 8,
  "best_val_loss": 0.7021617320328276,
  "test_loss": 0.6982019605843918,
  "test_metrics": {
    "acc": 0.518840579710145,
    "auc": 0.4799904554131443,
    "prec_at_0.60": 0.6
  },
  "val_metrics_last": {
    "acc": 0.5067873303167421,
    "auc": 0.4353490658800394,
    "prec_at_0.60": 0.3333333333333333
  }
}