{
  "momentum_10": 0.046376804850498284,
  "price_to_ma20": 0.04377137057174281,
  "rsi_14": 0.04363321084939282,
  "prev_close_to_high": 0.04358327981004365,
  "gap_open_pct": 0.03939452597765902,
  "prev_close_to_low": 0.03741852311052614,
  "return_kurtosis_20": 0.03627394697286838,
  "price_to_ma5": 0.03486239156949957,
  "price_bb_zscore_20": 0.033890784423491374,
  "prev_daily_return": 0.03345266730335156,
  "return_skew_20": 0.033286750887332885,
  "volume_change": 0.03246534286805023,
  "bb_width_20": 0.03215867124252336,
  "momentum_5": 0.03199313179325144,
  "ema_9_21_diff": 0.031190357029138346,
  "volatility_5": 0.029387700518947107,
  "volume_ratio": 0.029122248242902972,
  "ema_9_21_ratio": 0.028341911837751237,
  "prev_log_return": 0.02816477561714093,
  "atr_14": 0.02765345922790684,
  "volume_ma_5": 0.027083529415467395,
  "close_prev": 0.026196980808227268,
  "prev_range_pct": 0.024838261590451795,
  "volatility_20": 0.02442515761264327,
  "high_prev": 0.024127726619554365,
  "volume_prev": 0.023997572616852886,
  "ma_20": 0.023826903530304963,
  "low_prev": 0.023262116357355526,
  "open_prev": 0.02225741658008431,
  "ema_21": 0.022149323149835292,
  "ema_9": 0.02160615917151692,
  "ma_10": 0.021094824505770424,
  "ma_5": 0.018712173337916714
}