{
  "dataset": "data/datasets/AAPL.cls_bigmove.dataset.csv",
  "best_params": {
    "logreg__C": 0.1
  },
  "train_ratio": 0.8,
  "tscv_splits": 5,
  "class_weight": "balanced",
  "test_metrics": {
    "accuracy": 0.5070140280561122,
    "precision": 0.455012853470437,
    "recall": 0.8388625592417062,
    "f1": 0.59,
    "auc": 0.5749736703528172,
    "confusion_matrix": [
      [
        76,
        212
      ],
      [
        34,
        177
      ]
    ],
    "threshold": 0.5
  }
}