{
  "ma_20": 0.1536681831284446,
  "ema_21": 0.1526568282481137,
  "open_prev": 0.09728721760186047,
  "ema_9": 0.09495406826536415,
  "close_prev": 0.09307447990290414,
  "low_prev": 0.0879194429458131,
  "high_prev": 0.08472342912338943,
  "ma_10": 0.07792693987272514,
  "ma_5": 0.06410030007587393,
  "atr_14": 0.051326223394905994,
  "volume_ma_5": 0.01774489288162825,
  "ema_9_21_diff": 0.006317227849866215,
  "volume_prev": 0.0053138002069023395,
  "momentum_10": 0.004257095837946102,
  "momentum_5": 0.0024585887626886265,
  "volatility_20": 0.0016425489981559548,
  "prev_range_pct": 0.0007319055292428759,
  "volatility_5": 0.0007068955114918664,
  "return_kurtosis_20": 0.0006467120519661686,
  "bb_width_20": 0.0006093677978628915,
  "ema_9_21_ratio": 0.0004290886392844472,
  "rsi_14": 0.00027593425842726324,
  "return_skew_20": 0.0002716167124805281,
  "price_to_ma20": 0.00025138433389308365,
  "price_bb_zscore_20": 0.0001377004365433471,
  "gap_open_pct": 0.00012635033386817115,
  "prev_close_to_high": 8.798648712559321e-05,
  "price_to_ma5": 7.518854015561736e-05,
  "prev_log_return": 6.711037027683049e-05,
  "prev_close_to_low": 5.9963325005217375e-05,
  "prev_daily_return": 5.896111104759197e-05,
  "volume_ratio": 5.200811344504828e-05,
  "volume_change": 4.0559351301364886e-05
}