{
  "task": "reg",
  "dataset": "data/datasets/AAPL.reg_open_next.dataset.csv",
  "seq_len": 20,
  "batch_size": 128,
  "epochs_ran": 40,
  "best_val_loss": 19729.667655911795,
  "test_loss": 35765.79530149648,
  "test_metrics": {
    "mae": 187.70042419433594,
    "rmse": 189.11846279184377,
    "dir_acc": 1.0
  },
  "val_metrics_last": {
    "mae": 139.96890258789062,
    "rmse": 140.46232257263867,
    "dir_acc": 1.0
  }
}